timestamp,side,price,size,slippage,commission
2023-01-01 09:30:00+00:00,SHORT,1000.3467538272547,1,-0.05069645759698038,1.25
2023-01-01 09:33:00+00:00,SHORT,1001.9746347021703,1,0.0507482176025209,1.25
2023-01-01 09:34:00+00:00,SHORT,1001.7690770257126,1,0.06862137341901285,1.25
2023-01-01 09:37:00+00:00,SHORT,1003.4579169775994,1,-0.07432711252691358,1.25
2023-01-01 09:39:00+00:00,SHORT,1003.4546123420096,1,-0.13630851469866784,1.25
2023-01-01 09:40:00+00:00,SHORT,1003.1349848896159,1,0.08393949599473671,1.25
2023-01-01 09:42:00+00:00,SHORT,1003.0247318151678,1,-0.014618425976984154,1.25
2023-01-01 09:43:00+00:00,SHORT,1001.4856806700249,1,-0.019567638652670832,1.25
2023-01-01 09:44:00+00:00,SHORT,1000.0245080825523,1,-0.09968192038776325,1.25
2023-01-01 09:45:00+00:00,SHORT,999.6242912159406,1,-0.05011407013377325,1.25
2023-01-01 09:47:00+00:00,SHORT,999.09064118187,1,-0.025235124417482952,1.25
2023-01-01 09:48:00+00:00,SHORT,998.3890521252795,1,-0.0013107104535200244,1.25
2023-01-01 09:50:00+00:00,SHORT,998.4235726382368,1,0.009398467772640934,1.25
2023-01-01 09:52:00+00:00,SHORT,998.1912349585169,1,-0.11534405501629404,1.25
2023-01-01 09:53:00+00:00,SHORT,997.1092434569168,1,0.060115390493983234,1.25
2023-01-01 09:55:00+00:00,SHORT,996.7457408512804,1,0.07789141129581084,1.25
2023-01-01 09:57:00+00:00,SHORT,996.1647317915802,1,0.04082581880265457,1.25
2023-01-01 09:58:00+00:00,SHORT,995.6697185603875,1,-0.05726635810286991,1.25
2023-01-01 09:59:00+00:00,SHORT,995.4438824331266,1,-0.05077172378979777,1.25
2023-01-01 10:01:00+00:00,SHORT,996.466011950989,1,-0.025090426616982176,1.25
2023-01-01 10:02:00+00:00,SHORT,996.3967026830866,1,0.08363986112423426,1.25
2023-01-01 10:04:00+00:00,SHORT,996.2333524762728,1,0.05953705110014351,1.25
2023-01-01 10:06:00+00:00,SHORT,995.4708016883757,1,0.01583142271392037,1.25
2023-01-01 10:07:00+00:00,SHORT,993.8949707394283,1,0.03222475348007148,1.25
2023-01-01 10:11:00+00:00,SHORT,993.7305407284637,1,-0.02055445735227065,1.25
2023-01-01 10:12:00+00:00,SHORT,993.6428316735673,1,-0.016327279397230755,1.25
2023-01-01 10:13:00+00:00,SHORT,993.3982539298108,1,-0.021578293242763252,1.25
2023-01-01 10:14:00+00:00,SHORT,992.2273833669375,1,-0.01810905383175075,1.25
2023-01-01 10:15:00+00:00,SHORT,991.6710236854384,1,0.003223497328399919,1.25
2023-01-01 10:18:00+00:00,SHORT,992.4184700458146,1,-0.001877417916364436,1.25
2023-01-01 10:20:00+00:00,SHORT,991.2581496141328,1,0.020415647061811426,1.25
2023-01-01 10:21:00+00:00,SHORT,990.9612032224278,1,-0.012030024010191142,1.25
2023-01-01 10:25:00+00:00,SHORT,992.4362218935433,1,0.042081009173392844,1.25
2023-01-01 10:26:00+00:00,SHORT,991.7491186271909,1,-0.0630837552659445,1.25
2023-01-01 10:29:00+00:00,SHORT,992.5357792399382,1,0.06828153607505193,1.25
2023-01-01 10:30:00+00:00,SHORT,992.1848841874561,1,-0.038745274925831005,1.25
2023-01-01 10:31:00+00:00,SHORT,992.0292854672756,1,0.04698276001762891,1.25
2023-01-01 10:32:00+00:00,SHORT,991.1405616318757,1,0.05804011202406231,1.25
2023-01-01 10:35:00+00:00,SHORT,991.9648588678309,1,0.005242445399907908,1.25
2023-01-01 10:38:00+00:00,SHORT,992.9369827564149,1,-0.05986945978869704,1.25
2023-01-01 10:41:00+00:00,SHORT,993.9819137094635,1,0.011861229823688674,1.25
2023-01-01 10:43:00+00:00,SHORT,995.1267763284927,1,-0.08345050761066461,1.25
2023-01-01 10:46:00+00:00,SHORT,993.7721772149594,1,-0.0769003257077921,1.25
2023-01-01 10:48:00+00:00,SHORT,993.6670711390371,1,0.017242607640772022,1.25
2023-01-01 10:49:00+00:00,SHORT,992.0758672064824,1,0.029689186095942788,1.25
2023-01-01 10:52:00+00:00,SHORT,993.3875622821629,1,-0.0008889012836806976,1.25
2023-01-01 10:53:00+00:00,SHORT,992.8967139867596,1,-0.07994765034907605,1.25
2023-01-01 10:54:00+00:00,SHORT,992.3229833704361,1,0.011633701620297296,1.25
2023-01-01 10:57:00+00:00,SHORT,992.8972956693802,1,-0.026860800261751184,1.25
2023-01-01 11:01:00+00:00,SHORT,993.7040307228139,1,0.05392010145850909,1.25
2023-01-01 11:02:00+00:00,SHORT,993.1938798153467,1,-0.006091041065154482,1.25
2023-01-01 11:03:00+00:00,SHORT,992.9042355571099,1,-0.03542219113181352,1.25
2023-01-01 11:04:00+00:00,SHORT,992.5616559949232,1,0.06657881216480062,1.25
2023-01-01 11:08:00+00:00,SHORT,991.872888590958,1,0.03993829182161455,1.25
2023-01-01 11:09:00+00:00,SHORT,991.7145285728095,1,-0.012163787128882683,1.25
2023-01-01 11:10:00+00:00,SHORT,990.595568477946,1,-0.008830630731131467,1.25
2023-01-01 11:11:00+00:00,SHORT,990.2406237648441,1,-0.030476941387020284,1.25
2023-01-01 11:12:00+00:00,SHORT,989.9654882153641,1,-0.0341454816346848,1.25
2023-01-01 11:13:00+00:00,SHORT,989.300384381002,1,0.0640498181268145,1.25
2023-01-01 11:18:00+00:00,SHORT,991.3701576583862,1,-0.023427135522403268,1.25
2023-01-01 11:19:00+00:00,SHORT,991.310054178739,1,0.024488210729696345,1.25
2023-01-01 11:20:00+00:00,SHORT,989.7980865611464,1,0.01590781266234916,1.25
2023-01-01 11:23:00+00:00,SHORT,991.7096554019594,1,-0.08353463280165752,1.25
2023-01-01 11:25:00+00:00,SHORT,991.8572104435898,1,-0.022615619466645448,1.25
2023-01-01 11:26:00+00:00,SHORT,991.8197189861164,1,-0.03256353609778043,1.25
2023-01-01 11:30:00+00:00,SHORT,993.0173415161734,1,-0.03947083972239558,1.25
2023-01-01 11:32:00+00:00,SHORT,993.3659852216696,1,-0.08288933941128639,1.25
2023-01-01 11:35:00+00:00,SHORT,994.4728125059607,1,0.06982438399037942,1.25
2023-01-01 11:36:00+00:00,SHORT,993.7519513285661,1,-0.002893250384840946,1.25
2023-01-01 11:38:00+00:00,SHORT,993.367349416899,1,-0.016578732727411834,1.25
2023-01-01 11:39:00+00:00,SHORT,992.9388502916904,1,-0.04504272811273375,1.25
2023-01-01 11:41:00+00:00,SHORT,991.73479461642,1,-0.07243461008790368,1.25
2023-01-01 11:43:00+00:00,SHORT,991.3101245501572,1,-0.030104171172383405,1.25
2023-01-01 11:45:00+00:00,SHORT,991.8071670983581,1,-0.03322783385261382,1.25
2023-01-01 11:46:00+00:00,SHORT,991.1702103454054,1,-0.04888945587424507,1.25
2023-01-01 11:48:00+00:00,SHORT,991.5731160273112,1,0.035772616686732005,1.25
2023-01-01 11:51:00+00:00,SHORT,991.8202064002816,1,-0.029663256560017254,1.25
2023-01-01 11:55:00+00:00,SHORT,991.5184600213115,1,0.02902586727168855,1.25
2023-01-01 11:56:00+00:00,SHORT,990.5180985977421,1,0.04867631329454528,1.25
2023-01-01 12:01:00+00:00,SHORT,990.602331730055,1,0.04005459070793705,1.25
2023-01-01 12:04:00+00:00,SHORT,990.4691126764909,1,0.05068047694984873,1.25
2023-01-01 12:07:00+00:00,SHORT,991.8034363307902,1,-0.005073039282592024,1.25
2023-01-01 12:09:00+00:00,SHORT,991.3748969559463,1,0.009407566100564863,1.25
2023-01-01 12:12:00+00:00,SHORT,992.0876582097543,1,0.06705164654967473,1.25
2023-01-01 12:17:00+00:00,SHORT,994.7186932272626,1,-0.03833534150851639,1.25
2023-01-01 12:18:00+00:00,SHORT,994.5002561498832,1,-0.061510343015499486,1.25
2023-01-01 12:19:00+00:00,SHORT,993.9604090963211,1,0.0018284325333078198,1.25
2023-01-01 12:20:00+00:00,SHORT,993.1992990616321,1,-0.055875072069056786,1.25
2023-01-01 12:21:00+00:00,SHORT,992.6026738637063,1,-0.00446553303605865,1.25
2023-01-01 12:27:00+00:00,SHORT,994.8022039573909,1,0.058293706054652,1.25
2023-01-01 12:30:00+00:00,SHORT,997.2363352794154,1,0.07946238979346494,1.25
2023-01-01 12:31:00+00:00,SHORT,996.5087855275993,1,-0.1233611493594714,1.25
2023-01-01 12:33:00+00:00,SHORT,996.1062330617054,1,0.05687332477609933,1.25
2023-01-01 12:36:00+00:00,SHORT,996.9283114349961,1,-0.0031530671958698245,1.25
2023-01-01 12:37:00+00:00,SHORT,996.825125322238,1,0.048256524366581614,1.25
2023-01-01 12:38:00+00:00,SHORT,996.1235860651428,1,-0.07470757749348486,1.25
2023-01-01 12:39:00+00:00,SHORT,994.9051393658534,1,-0.08661493726700291,1.25
2023-01-01 12:42:00+00:00,SHORT,995.4346971250795,1,0.05386320871530923,1.25
2023-01-01 12:45:00+00:00,SHORT,994.8685721049092,1,0.07282663194520037,1.25
2023-01-01 12:48:00+00:00,SHORT,994.3051212618936,1,0.10160149785817632,1.25
2023-01-01 12:53:00+00:00,SHORT,995.8988443241651,1,0.030449272774759836,1.25
2023-01-01 12:54:00+00:00,SHORT,994.7922997283083,1,-0.03994950109654791,1.25
2023-01-01 13:03:00+00:00,SHORT,1001.0135651406382,1,0.022320859342826835,1.25
2023-01-01 13:05:00+00:00,SHORT,1001.3734614560134,1,0.017815293739805487,1.25
2023-01-01 13:06:00+00:00,SHORT,1000.7504449532296,1,-0.02190280317964048,1.25
2023-01-01 13:07:00+00:00,SHORT,1000.570788373644,1,0.011976131621263821,1.25
2023-01-01 13:10:00+00:00,SHORT,1002.0608772357933,1,0.05288370431911809,1.25
2023-01-01 13:12:00+00:00,SHORT,1001.1633196236558,1,0.00408735479032807,1.25
2023-01-01 13:13:00+00:00,SHORT,999.8338828775685,1,0.04267813348344056,1.25
2023-01-01 13:16:00+00:00,SHORT,1000.300919549959,1,-0.12076172465530846,1.25
2023-01-01 13:17:00+00:00,SHORT,999.4844591894241,1,0.07503443172101737,1.25
2023-01-01 13:19:00+00:00,SHORT,999.4917789626343,1,-0.03916288100288908,1.25
2023-01-01 13:22:00+00:00,SHORT,999.1255562488129,1,0.030962521303704443,1.25
2023-01-01 13:25:00+00:00,SHORT,1000.8008968919906,1,0.056643636711778404,1.25
2023-01-01 13:27:00+00:00,SHORT,999.3760685797735,1,0.01034217652813263,1.25
2023-01-01 13:29:00+00:00,SHORT,999.529451334118,1,-0.009394959358380842,1.25
2023-01-01 13:30:00+00:00,SHORT,998.8874509496152,1,0.017871985597627493,1.25
2023-01-01 13:33:00+00:00,SHORT,999.9032141229735,1,-0.00631813348495324,1.25
2023-01-01 13:34:00+00:00,SHORT,998.8188452862381,1,0.13099755350580342,1.25
2023-01-01 13:35:00+00:00,SHORT,998.5861671999215,1,0.09639143859730924,1.25
2023-01-01 13:36:00+00:00,SHORT,998.2497506285254,1,0.05342441029144038,1.25
2023-01-01 13:39:00+00:00,SHORT,999.4923805262075,1,0.02315603981175183,1.25
2023-01-01 13:43:00+00:00,SHORT,1001.7427375704602,1,0.023519162605326726,1.25
2023-01-01 13:44:00+00:00,SHORT,1000.5220700327984,1,-0.027283569809296332,1.25
2023-01-01 13:46:00+00:00,SHORT,1001.0771780226557,1,0.0988573895054957,1.25
2023-01-01 13:49:00+00:00,SHORT,1001.579876433598,1,0.005350349072087912,1.25
2023-01-01 13:50:00+00:00,SHORT,1000.8106594409285,1,0.032122760295947475,1.25
2023-01-01 13:51:00+00:00,SHORT,1000.7297245921707,1,-0.06539832545930546,1.25
2023-01-01 13:52:00+00:00,SHORT,998.180656365224,1,-0.022752542948037288,1.25
2023-01-01 13:53:00+00:00,SHORT,997.3775260234672,1,0.00818019978000436,1.25
2023-01-01 13:54:00+00:00,SHORT,997.1029411749078,1,-0.08125911537983044,1.25
2023-01-01 13:56:00+00:00,SHORT,997.4675310774539,1,-0.023552493758369084,1.25
2023-01-01 13:57:00+00:00,SHORT,996.3197740269482,1,0.03071953246209193,1.25
2023-01-01 14:00:00+00:00,SHORT,997.1997442402785,1,0.05342857964757099,1.25
2023-01-01 14:03:00+00:00,SHORT,996.9914141426707,1,-0.05238514647768638,1.25
2023-01-01 14:06:00+00:00,SHORT,996.7871432008164,1,-0.0011700467123722529,1.25
2023-01-01 14:08:00+00:00,SHORT,996.3561764787631,1,-0.009257482876461798,1.25
2023-01-01 14:12:00+00:00,SHORT,997.8980517174788,1,0.04396271440681172,1.25
2023-01-01 14:14:00+00:00,SHORT,998.643346274696,1,0.013624567623183113,1.25
2023-01-01 14:15:00+00:00,SHORT,997.0940552817418,1,-0.00455982522450327,1.25
2023-01-01 14:18:00+00:00,SHORT,997.6505000682075,1,0.020633073966476637,1.25
2023-01-01 14:19:00+00:00,SHORT,997.1301059004236,1,-0.04415154529184618,1.25
2023-01-01 14:20:00+00:00,SHORT,996.9503763187225,1,0.057867627451334606,1.25
2023-01-01 14:21:00+00:00,SHORT,996.5579647149706,1,-0.057135967395426805,1.25
2023-01-01 14:24:00+00:00,SHORT,997.0936252849933,1,0.01372771492164132,1.25
2023-01-01 14:29:00+00:00,SHORT,998.6406046353576,1,-0.02862744313162773,1.25
2023-01-01 14:30:00+00:00,SHORT,997.9449517663451,1,-0.06218643665554936,1.25
2023-01-01 14:33:00+00:00,SHORT,998.5808299979406,1,0.06322620175788382,1.25
2023-01-01 14:36:00+00:00,SHORT,999.6588140011353,1,-0.08362779683351068,1.25
2023-01-01 14:38:00+00:00,SHORT,999.7003839325829,1,-0.0064884557391656945,1.25
2023-01-01 14:39:00+00:00,SHORT,999.4724308300704,1,-0.07274792856201301,1.25
2023-01-01 14:46:00+00:00,SHORT,1003.1190129700166,1,0.05385104026960961,1.25
2023-01-01 14:48:00+00:00,SHORT,1003.1121044602571,1,0.07191456998692058,1.25
2023-01-01 14:51:00+00:00,SHORT,1003.5841960224662,1,0.050963927564808144,1.25
2023-01-01 14:53:00+00:00,SHORT,1004.6224153167814,1,-0.03630493261321589,1.25
2023-01-01 14:54:00+00:00,SHORT,1003.8308498108614,1,0.019632414722954118,1.25
2023-01-01 14:59:00+00:00,SHORT,1005.4120475834992,1,0.0362691219995474,1.25
2023-01-01 15:00:00+00:00,SHORT,1005.3809979074863,1,-0.05746804855316852,1.25
2023-01-01 15:02:00+00:00,SHORT,1004.7580415010732,1,0.019907719167540368,1.25
2023-01-01 15:04:00+00:00,SHORT,1004.9698098852708,1,-0.04767320241421243,1.25
2023-01-01 15:05:00+00:00,SHORT,1004.8610685927642,1,0.03818525810862269,1.25
2023-01-01 15:06:00+00:00,SHORT,1004.2177038867209,1,0.018135833174671073,1.25
2023-01-01 15:08:00+00:00,SHORT,1004.2871935351866,1,-0.022195586057856393,1.25
2023-01-01 15:09:00+00:00,SHORT,1003.8544782958897,1,0.002089850542681127,1.25
2023-01-01 15:12:00+00:00,SHORT,1003.5479454273174,1,-0.04077603031752719,1.25
2023-01-01 15:13:00+00:00,SHORT,1003.1364734854012,1,0.04532053086886263,1.25
2023-01-01 15:15:00+00:00,SHORT,1002.9809352730673,1,-0.009078053111945619,1.25
2023-01-01 15:16:00+00:00,SHORT,1001.8005196642172,1,0.02823512557481673,1.25
2023-01-01 15:17:00+00:00,SHORT,1000.6515858027982,1,-0.049773668935640246,1.25
2023-01-01 15:18:00+00:00,SHORT,1000.0964719993636,1,-0.029894241294767084,1.25
2023-01-01 15:22:00+00:00,SHORT,1002.042174865913,1,0.030709855618366196,1.25
2023-01-01 15:23:00+00:00,SHORT,1001.8754825046382,1,-0.06919436793939987,1.25
2023-01-01 15:24:00+00:00,SHORT,1001.9104318136357,1,0.0190026242575043,1.25
2023-01-01 15:25:00+00:00,SHORT,1001.0921011943738,1,0.03408445532002832,1.25
2023-01-01 15:26:00+00:00,SHORT,1001.028803960953,1,-0.082554610362998,1.25
2023-01-01 15:28:00+00:00,SHORT,1001.129800574641,1,0.008836587679085156,1.25
2023-01-01 15:31:00+00:00,SHORT,1002.0655525564549,1,-0.05456471427708907,1.25
2023-01-01 15:34:00+00:00,SHORT,1002.7955627366839,1,-0.11300841820573443,1.25
2023-01-01 15:38:00+00:00,SHORT,1002.7776382077427,1,-0.07729121667855049,1.25
2023-01-01 15:44:00+00:00,SHORT,1006.2489536033262,1,0.07227990753160467,1.25
2023-01-01 15:48:00+00:00,SHORT,1008.1968963212931,1,0.12134228154599594,1.25
2023-01-01 15:49:00+00:00,SHORT,1007.6476628913707,1,0.018768953210875124,1.25
2023-01-01 15:50:00+00:00,SHORT,1006.9742784123725,1,0.015453143701328968,1.25
2023-01-01 15:51:00+00:00,SHORT,1006.4835896062743,1,0.023391910472776452,1.25
2023-01-01 15:52:00+00:00,SHORT,1004.7752854859166,1,-0.022975400071498772,1.25
2023-01-01 15:53:00+00:00,SHORT,1004.3658733195856,1,-0.009854247087777336,1.25
2023-01-01 15:58:00+00:00,SHORT,1006.4133385904161,1,0.021145657563069152,1.25
2023-01-01 15:59:00+00:00,SHORT,1005.9244769061613,1,-0.045621925800642414,1.25
2023-01-01 16:01:00+00:00,SHORT,1005.60956139111,1,0.033452772592257145,1.25
2023-01-01 16:04:00+00:00,SHORT,1006.9427259699778,1,0.061373346159415254,1.25
2023-01-01 16:05:00+00:00,SHORT,1006.5580820214167,1,0.068118775496125,1.25
2023-01-01 16:07:00+00:00,SHORT,1006.3016351227446,1,0.03529308755408838,1.25
2023-01-01 16:09:00+00:00,SHORT,1007.2354538138746,1,-0.006196508005851126,1.25
2023-01-01 16:10:00+00:00,SHORT,1005.9173753515715,1,-0.040314859908175786,1.25
2023-01-01 16:13:00+00:00,SHORT,1005.5067313092351,1,-0.010726871371510148,1.25
2023-01-01 16:15:00+00:00,SHORT,1005.6415498196245,1,0.014908201090111681,1.25
2023-01-01 16:16:00+00:00,SHORT,1004.7740630766616,1,-0.023834139447977076,1.25
2023-01-01 16:20:00+00:00,SHORT,1005.7519031774902,1,-0.014257373690174869,1.25
2023-01-01 16:21:00+00:00,SHORT,1004.8598282861916,1,-0.0018376521271133803,1.25
2023-01-01 16:24:00+00:00,SHORT,1004.8721229365877,1,-0.05054129315587407,1.25
2023-01-01 16:31:00+00:00,SHORT,1009.7161237539725,1,-0.026613825447549356,1.25
2023-01-01 16:35:00+00:00,SHORT,1011.9235611181089,1,0.032219214906414155,1.25
2023-01-01 16:38:00+00:00,SHORT,1012.5673175104799,1,0.019757768734012617,1.25
2023-01-01 16:39:00+00:00,SHORT,1011.1575616222717,1,-0.005813960369096518,1.25
2023-01-01 16:40:00+00:00,SHORT,1010.1147057391173,1,0.09194859690442986,1.25
2023-01-01 16:41:00+00:00,SHORT,1008.5595727928793,1,0.0003883716675542574,1.25
2023-01-01 16:46:00+00:00,SHORT,1011.4466756522557,1,0.065176212161891,1.25
2023-01-01 16:47:00+00:00,SHORT,1010.3780840378447,1,0.017592928391354245,1.25
2023-01-01 16:48:00+00:00,SHORT,1009.004786359779,1,-0.01495611408411251,1.25
2023-01-01 16:50:00+00:00,SHORT,1009.2580585013776,1,0.026903539129978483,1.25
2023-01-01 16:51:00+00:00,SHORT,1009.1734593401469,1,0.08510439152551526,1.25
2023-01-01 16:52:00+00:00,SHORT,1007.5227872545596,1,0.06788924585444306,1.25
2023-01-01 16:53:00+00:00,SHORT,1007.483699221216,1,0.035142623269476675,1.25
2023-01-01 16:56:00+00:00,SHORT,1007.2969324452372,1,-0.00576038904877204,1.25
2023-01-01 16:57:00+00:00,SHORT,1006.5211357343633,1,-0.024447020810156418,1.25
2023-01-01 16:58:00+00:00,SHORT,1006.0821946796074,1,0.04968873533885046,1.25
2023-01-01 16:59:00+00:00,SHORT,1005.2263499402108,1,-0.05332779626617079,1.25
2023-01-01 17:01:00+00:00,SHORT,1005.9360242238699,1,0.06164990940888925,1.25
2023-01-01 17:03:00+00:00,SHORT,1005.5790371669372,1,0.03105685675561384,1.25
2023-01-01 17:04:00+00:00,SHORT,1005.1129077010912,1,-0.07069085921003061,1.25
2023-01-01 17:05:00+00:00,SHORT,1004.5020518714872,1,-0.044162642594445106,1.25
2023-01-01 17:06:00+00:00,SHORT,1004.4001607649369,1,-0.06004387712010503,1.25
2023-01-01 17:07:00+00:00,SHORT,1003.5816628737512,1,-0.0469983833723917,1.25
2023-01-01 17:08:00+00:00,SHORT,1003.1837759632798,1,-0.0004570751541515953,1.25
2023-01-01 17:11:00+00:00,SHORT,1003.7929149031214,1,0.03525663721314675,1.25
2023-01-01 17:13:00+00:00,SHORT,1003.4081353047472,1,0.030027926639115424,1.25
2023-01-01 17:14:00+00:00,SHORT,1003.2612347791361,1,0.08676110215095406,1.25
2023-01-01 17:17:00+00:00,SHORT,1004.2528421076188,1,-0.019224934081433078,1.25
2023-01-01 17:18:00+00:00,SHORT,1003.8453430326085,1,-0.0006004518391213127,1.25
2023-01-01 17:19:00+00:00,SHORT,1003.3637200785469,1,-0.019903654889987316,1.25
2023-01-01 17:20:00+00:00,SHORT,1003.0561168128903,1,0.10674531489725464,1.25
2023-01-01 17:21:00+00:00,SHORT,1001.305129073748,1,0.012071543343331891,1.25
2023-01-01 17:24:00+00:00,SHORT,1002.4758363828976,1,-0.040980099966031996,1.25
2023-01-01 17:29:00+00:00,SHORT,1006.368134581938,1,-0.035719010244026135,1.25
2023-01-01 17:30:00+00:00,SHORT,1006.2905597303092,1,0.010309725748761432,1.25
2023-01-01 17:31:00+00:00,SHORT,1005.4725220720737,1,-0.05939238752708845,1.25
2023-01-01 17:33:00+00:00,SHORT,1004.3965311305924,1,0.007421360194423944,1.25
2023-01-01 17:34:00+00:00,SHORT,1003.7081724130253,1,0.08821856571272348,1.25
2023-01-01 17:35:00+00:00,SHORT,1002.612977048782,1,-0.041940926186800294,1.25
2023-01-01 17:36:00+00:00,SHORT,1002.0991854078408,1,0.03723509148000322,1.25
2023-01-01 17:39:00+00:00,SHORT,1003.250725753247,1,-0.07873293126948466,1.25
2023-01-01 17:42:00+00:00,SHORT,1004.4628078205661,1,0.11102049967744854,1.25
2023-01-01 17:45:00+00:00,SHORT,1005.5199018203665,1,-0.019383689585302365,1.25
2023-01-01 17:46:00+00:00,SHORT,1004.6994692984209,1,0.00576889880052792,1.25
2023-01-01 17:47:00+00:00,SHORT,1004.5213986001394,1,0.03086383073796539,1.25
2023-01-01 17:48:00+00:00,SHORT,1003.8199373632061,1,-0.028888035387123586,1.25
2023-01-01 17:51:00+00:00,SHORT,1004.9734887899609,1,0.04272367400138697,1.25
2023-01-01 17:53:00+00:00,SHORT,1004.3208625121948,1,0.023742553649380726,1.25
2023-01-01 17:54:00+00:00,SHORT,1003.8146620992169,1,-0.007303515718544304,1.25
2023-01-01 17:55:00+00:00,SHORT,1003.3902784092761,1,0.040573690952276975,1.25
2023-01-01 17:56:00+00:00,SHORT,1002.9379262435768,1,0.017497449767071568,1.25
2023-01-01 17:58:00+00:00,SHORT,1002.2883672019481,1,0.012966511825526446,1.25
2023-01-01 18:00:00+00:00,SHORT,1001.8024124601639,1,-0.049595460585340416,1.25
2023-01-01 18:01:00+00:00,SHORT,1001.8066513860504,1,-0.005092423160873684,1.25
2023-01-01 18:02:00+00:00,SHORT,1001.5898959372552,1,-0.030361407056829295,1.25
2023-01-01 18:03:00+00:00,SHORT,1000.8301888302412,1,0.06310513324055984,1.25
2023-01-01 18:06:00+00:00,SHORT,1001.4273730537747,1,-0.01018412252232247,1.25
2023-01-01 18:09:00+00:00,SHORT,1001.3028738832918,1,0.03307392838697593,1.25
2023-01-01 18:11:00+00:00,SHORT,1000.4280893038435,1,-0.006225139768040371,1.25
2023-01-01 18:13:00+00:00,SHORT,1000.3439216037505,1,0.016743504386384542,1.25
2023-01-01 18:14:00+00:00,SHORT,999.719982986022,1,-0.030041022060854496,1.25
2023-01-01 18:15:00+00:00,SHORT,998.255366565166,1,-0.052154373945963596,1.25
2023-01-01 18:18:00+00:00,SHORT,997.2126910620752,1,0.0413849895913605,1.25
2023-01-01 18:20:00+00:00,SHORT,997.030566218119,1,-0.011536758513353928,1.25
2023-01-01 18:21:00+00:00,SHORT,995.6658536243024,1,0.05184539121079432,1.25
2023-01-01 18:22:00+00:00,SHORT,995.6261546522948,1,0.03890829445446563,1.25
2023-01-01 18:23:00+00:00,SHORT,994.6977551696777,1,-0.0031616744906564215,1.25
2023-01-01 18:25:00+00:00,SHORT,994.206903992033,1,0.013141546355061326,1.25
2023-01-01 18:26:00+00:00,SHORT,993.5309649580572,1,0.004963884430021489,1.25
2023-01-01 18:28:00+00:00,SHORT,994.0052369085546,1,-0.024989501878989018,1.25
2023-01-01 18:30:00+00:00,SHORT,994.2158125706742,1,0.02023935705303355,1.25
2023-01-01 18:33:00+00:00,SHORT,994.8240627899042,1,0.08166627039253975,1.25
2023-01-01 18:34:00+00:00,SHORT,992.9321344071918,1,0.008295682882966794,1.25
2023-01-01 18:36:00+00:00,SHORT,992.7145486376363,1,0.05127978824375401,1.25
2023-01-01 18:38:00+00:00,SHORT,992.8881481946678,1,0.011196744336465548,1.25
2023-01-01 18:40:00+00:00,SHORT,992.4603905407372,1,0.02806219924060681,1.25
2023-01-01 18:44:00+00:00,SHORT,993.7423321503471,1,0.02060126364130113,1.25
2023-01-01 18:45:00+00:00,SHORT,993.3808164065704,1,-0.05472449890582644,1.25
2023-01-01 18:46:00+00:00,SHORT,993.0102829181022,1,0.03780927887942734,1.25
2023-01-01 18:48:00+00:00,SHORT,992.9411860068243,1,0.07663374300371861,1.25
2023-01-01 18:52:00+00:00,SHORT,995.2484116617071,1,0.008455660287765938,1.25
2023-01-01 18:54:00+00:00,SHORT,995.8800521294761,1,-0.07389059020434316,1.25
2023-01-01 18:55:00+00:00,SHORT,995.5854488639784,1,0.04340750113320732,1.25
2023-01-01 18:56:00+00:00,SHORT,993.9355081551751,1,-0.07129846497409548,1.25
2023-01-01 18:57:00+00:00,SHORT,993.1510129519716,1,-0.05448110472867906,1.25
2023-01-01 18:58:00+00:00,SHORT,991.700355854128,1,0.019785342919135383,1.25
2023-01-01 19:02:00+00:00,SHORT,992.9901934065589,1,-0.05598551729348979,1.25
2023-01-01 19:04:00+00:00,SHORT,993.4760410609657,1,0.055105124631517156,1.25
2023-01-01 19:07:00+00:00,SHORT,992.5517480251186,1,0.022369137628188145,1.25
2023-01-01 19:10:00+00:00,SHORT,992.4899701053301,1,-0.08705665765341875,1.25
2023-01-01 19:15:00+00:00,SHORT,994.8809316615851,1,0.01609130849326451,1.25
2023-01-01 19:16:00+00:00,SHORT,994.5220638381343,1,0.00941286998490972,1.25
2023-01-01 19:18:00+00:00,SHORT,994.497592745497,1,0.01836258778670183,1.25
2023-01-01 19:20:00+00:00,SHORT,993.8200643577712,1,-0.07191459681912143,1.25
2023-01-01 19:24:00+00:00,SHORT,994.9042619984226,1,0.07962913326243722,1.25
2023-01-01 19:25:00+00:00,SHORT,994.544273714968,1,0.03373374442062177,1.25
2023-01-01 19:26:00+00:00,SHORT,994.3442009507877,1,-0.01910034663385445,1.25
2023-01-01 19:27:00+00:00,SHORT,993.5306504446213,1,-0.05435822270711665,1.25
2023-01-01 19:30:00+00:00,SHORT,994.1054061437461,1,0.028209550056066776,1.25
2023-01-01 19:35:00+00:00,SHORT,996.8905052497092,1,-0.10500549317921448,1.25
2023-01-01 19:36:00+00:00,SHORT,996.3520122784931,1,0.02651796302267552,1.25
2023-01-01 19:37:00+00:00,SHORT,995.3378004198489,1,-0.049105816235071806,1.25
2023-01-01 19:40:00+00:00,SHORT,995.6177089932435,1,0.06522131583253216,1.25
2023-01-01 19:42:00+00:00,SHORT,995.8121538756618,1,0.04952469562017122,1.25
2023-01-01 19:49:00+00:00,SHORT,998.2063997609885,1,0.03986288940689647,1.25
2023-01-01 19:54:00+00:00,SHORT,1001.8056233404116,1,0.04210471873421583,1.25
2023-01-01 19:55:00+00:00,SHORT,1001.3820981561641,1,0.05598546417028251,1.25
2023-01-01 19:56:00+00:00,SHORT,1000.6190303426346,1,-0.026544663437733537,1.25
2023-01-01 19:59:00+00:00,SHORT,1001.4494917839656,1,0.01625169018076857,1.25
2023-01-01 20:01:00+00:00,SHORT,1001.3029922331081,1,-0.03223726558761509,1.25
2023-01-01 20:02:00+00:00,SHORT,1001.2068748289813,1,0.0017875690146836943,1.25
2023-01-01 20:03:00+00:00,SHORT,1000.8612857692559,1,0.005517385322296943,1.25
2023-01-01 20:04:00+00:00,SHORT,1000.0427590754254,1,-0.013986732021855838,1.25
2023-01-01 20:07:00+00:00,SHORT,999.3689768810847,1,0.08122401475578467,1.25
2023-01-01 20:08:00+00:00,SHORT,998.334918748135,1,0.08441280733306036,1.25
2023-01-01 20:09:00+00:00,SHORT,997.3683920754622,1,-0.017049814380626,1.25
2023-01-01 20:11:00+00:00,SHORT,998.3910962438098,1,0.05871396782145413,1.25
2023-01-01 20:12:00+00:00,SHORT,998.2406931877368,1,-0.0017874046287675999,1.25
2023-01-01 20:13:00+00:00,SHORT,997.0369079750371,1,-0.005893157619663916,1.25
2023-01-01 20:14:00+00:00,SHORT,996.7665707190707,1,0.08023659748566754,1.25
2023-01-01 20:15:00+00:00,SHORT,996.6112657883851,1,-0.018074356576869725,1.25
2023-01-01 20:16:00+00:00,SHORT,994.475005803693,1,0.00641516794618873,1.25
2023-01-01 20:17:00+00:00,SHORT,994.3613378562901,1,-0.0768878646631538,1.25
2023-01-01 20:21:00+00:00,SHORT,997.1308099522645,1,0.04851149131591626,1.25
2023-01-01 20:22:00+00:00,SHORT,996.9607021413149,1,-0.004138178119087695,1.25
2023-01-01 20:26:00+00:00,SHORT,998.1552399731721,1,-0.03860327183142481,1.25
2023-01-01 20:28:00+00:00,SHORT,998.3122835614315,1,0.020485730534107058,1.25
2023-01-01 20:29:00+00:00,SHORT,998.1272191569113,1,-0.09026100860732642,1.25
2023-01-01 20:30:00+00:00,SHORT,997.7529586965355,1,-0.006515019001700012,1.25
2023-01-01 20:31:00+00:00,SHORT,997.3039649819839,1,0.01909725119521341,1.25
2023-01-01 20:32:00+00:00,SHORT,997.2752543820322,1,-0.021675720113721632,1.25
2023-01-01 20:33:00+00:00,SHORT,996.8516513586816,1,0.011808288929789551,1.25
2023-01-01 20:35:00+00:00,SHORT,996.3722202540638,1,0.007745875725071415,1.25
2023-01-01 20:37:00+00:00,SHORT,997.3315988218483,1,-0.044460312825001486,1.25
2023-01-01 20:40:00+00:00,SHORT,997.0737447267261,1,0.052301365266630664,1.25
2023-01-01 20:41:00+00:00,SHORT,995.4612418961725,1,0.012230023619033465,1.25
2023-01-01 20:42:00+00:00,SHORT,995.1918530229044,1,-0.008747175247212592,1.25
2023-01-01 20:43:00+00:00,SHORT,994.9006784519719,1,-0.004239141574829084,1.25
2023-01-01 20:44:00+00:00,SHORT,993.7482445781998,1,-0.03703125188040253,1.25
2023-01-01 20:45:00+00:00,SHORT,993.1652137579755,1,-0.001868211514101089,1.25
2023-01-01 20:50:00+00:00,SHORT,995.9476035627255,1,-0.06049615595391694,1.25
2023-01-01 20:51:00+00:00,SHORT,995.0977064652509,1,-0.011163657964339296,1.25
2023-01-01 20:53:00+00:00,SHORT,995.0198964210298,1,-0.06099505324377574,1.25
2023-01-01 20:55:00+00:00,SHORT,994.6662096323859,1,-0.009464437882154642,1.25
2023-01-01 20:56:00+00:00,SHORT,994.4075734310618,1,-0.07688235971179086,1.25
2023-01-01 20:59:00+00:00,SHORT,995.0763478421128,1,-0.029180305291272697,1.25
2023-01-01 21:01:00+00:00,SHORT,995.7363551025189,1,-0.004940908205037592,1.25
2023-01-01 21:04:00+00:00,SHORT,995.8214512900338,1,0.021792767981192535,1.25
2023-01-01 21:06:00+00:00,SHORT,995.835423082007,1,-0.02103517291980596,1.25
2023-01-01 21:08:00+00:00,SHORT,995.5849566064298,1,-0.010950730765360413,1.25
2023-01-01 21:09:00+00:00,SHORT,995.4252485153207,1,-0.023399465330270014,1.25
2023-01-01 21:11:00+00:00,SHORT,995.8197540926135,1,-0.04809484294444318,1.25
2023-01-01 21:12:00+00:00,SHORT,995.2895579787852,1,-0.017302434296606602,1.25
2023-01-01 21:13:00+00:00,SHORT,994.1285929714414,1,0.05741807668932421,1.25
2023-01-01 21:15:00+00:00,SHORT,993.4010883913304,1,0.029136213256415213,1.25
2023-01-01 21:17:00+00:00,SHORT,993.7678218579316,1,0.0394729769543591,1.25
2023-01-01 21:20:00+00:00,SHORT,993.6211516490494,1,0.047452687820237795,1.25
2023-01-01 21:21:00+00:00,SHORT,993.4640795742804,1,0.12764711034382714,1.25
2023-01-01 21:23:00+00:00,SHORT,993.4539113251806,1,-0.02194311219550592,1.25
2023-01-01 21:27:00+00:00,SHORT,994.5205206824039,1,-0.013111030670336041,1.25
2023-01-01 21:28:00+00:00,SHORT,994.2222571919506,1,0.02211693504100747,1.25
2023-01-01 21:30:00+00:00,SHORT,994.3668805991329,1,-0.07704339935463739,1.25
2023-01-01 21:31:00+00:00,SHORT,993.0618024608573,1,0.022518556049941747,1.25
2023-01-01 21:34:00+00:00,SHORT,992.6743684187875,1,-0.06516918468518587,1.25
2023-01-01 21:37:00+00:00,SHORT,992.8288700819372,1,0.0552465792155759,1.25
2023-01-01 21:38:00+00:00,SHORT,992.4102517552545,1,-0.045222407418989696,1.25
2023-01-01 21:40:00+00:00,SHORT,991.9597721076932,1,0.033357710257659844,1.25
2023-01-01 21:42:00+00:00,SHORT,991.4936883315346,1,0.04710053379340438,1.25
2023-01-01 21:49:00+00:00,SHORT,994.4489389053034,1,-0.0452683053962184,1.25
2023-01-01 21:50:00+00:00,SHORT,992.9500654586826,1,0.08062866652801276,1.25
2023-01-01 21:51:00+00:00,SHORT,991.9559883335795,1,0.05869854137127942,1.25
2023-01-01 21:54:00+00:00,SHORT,991.8688356280808,1,-0.08151641342202634,1.25
2023-01-01 21:56:00+00:00,SHORT,991.446281468275,1,-0.07645199195184248,1.25
2023-01-01 21:57:00+00:00,SHORT,990.9006577286702,1,0.0230732603660202,1.25
2023-01-01 21:58:00+00:00,SHORT,990.3796981730121,1,-0.059377373537188874,1.25
2023-01-01 21:59:00+00:00,SHORT,989.2978915335138,1,-0.02724121349453117,1.25
2023-01-01 22:00:00+00:00,SHORT,988.5663844346252,1,0.028315806405464473,1.25
2023-01-01 22:01:00+00:00,SHORT,987.4962340027025,1,0.03002942826705289,1.25
2023-01-01 22:03:00+00:00,SHORT,987.5700839242256,1,-0.017620201428601743,1.25
2023-01-01 22:07:00+00:00,SHORT,989.4537517621703,1,0.0011793735985056219,1.25
2023-01-01 22:09:00+00:00,SHORT,989.2983640710491,1,-0.03146995360098126,1.25
2023-01-01 22:12:00+00:00,SHORT,990.9705382604157,1,-0.02788552281355552,1.25
2023-01-01 22:14:00+00:00,SHORT,991.8269801205557,1,-0.006781805497074209,1.25
2023-01-01 22:15:00+00:00,SHORT,991.2677518602314,1,-0.008219675327757034,1.25
2023-01-01 22:17:00+00:00,SHORT,992.6419756346638,1,-0.011487202451292422,1.25
2023-01-01 22:20:00+00:00,SHORT,994.1513196958642,1,-0.006742057112290686,1.25
2023-01-01 22:24:00+00:00,SHORT,995.39467917806,1,0.08793024458962137,1.25
2023-01-01 22:25:00+00:00,SHORT,994.2001951878215,1,0.03269421444335574,1.25
2023-01-01 22:26:00+00:00,SHORT,993.6507688929864,1,0.003933737771169112,1.25
2023-01-01 22:27:00+00:00,SHORT,993.4540609703452,1,0.0039026947158563893,1.25
2023-01-01 22:30:00+00:00,SHORT,993.9571537235298,1,-0.07633948872237077,1.25
2023-01-01 22:37:00+00:00,SHORT,996.0155064888814,1,-0.07905226818213316,1.25
2023-01-01 22:38:00+00:00,SHORT,996.0213380353863,1,-0.017308944211584017,1.25
2023-01-01 22:42:00+00:00,SHORT,995.4266769408528,1,0.012872722957987831,1.25
2023-01-01 22:43:00+00:00,SHORT,994.330303002887,1,0.09302491126177732,1.25
2023-01-01 22:45:00+00:00,SHORT,994.3596735823747,1,0.041456117649839745,1.25
2023-01-01 22:50:00+00:00,SHORT,995.6709533997223,1,-0.03433572879875957,1.25
2023-01-01 22:52:00+00:00,SHORT,995.36561365335,1,0.005235254645786547,1.25
2023-01-01 22:53:00+00:00,SHORT,994.9337767202949,1,-0.06903196901665358,1.25
2023-01-01 22:54:00+00:00,SHORT,994.5947689992082,1,-0.06223981975275179,1.25
2023-01-01 22:56:00+00:00,SHORT,994.5017378847637,1,0.08601470005392181,1.25
2023-01-01 22:58:00+00:00,SHORT,995.1930503734093,1,-0.013136120254306147,1.25
2023-01-01 22:59:00+00:00,SHORT,994.4045345177418,1,0.0896518132095339,1.25
2023-01-01 23:00:00+00:00,SHORT,994.2974137423929,1,-0.04810949023572018,1.25
2023-01-01 23:04:00+00:00,SHORT,996.0147705443966,1,-0.11074777571742214,1.25
2023-01-01 23:09:00+00:00,SHORT,996.7645232463595,1,-0.013778710442476442,1.25
2023-01-01 23:12:00+00:00,SHORT,999.3073609631116,1,0.01873301887683272,1.25
2023-01-01 23:13:00+00:00,SHORT,998.9507499791733,1,-0.08531086585341546,1.25
2023-01-01 23:16:00+00:00,SHORT,1001.0574600292704,1,-0.048710564684403296,1.25
2023-01-01 23:17:00+00:00,SHORT,1000.6770014979181,1,-0.010505943399849909,1.25
2023-01-01 23:18:00+00:00,SHORT,1000.265001489257,1,0.08618192386983081,1.25
2023-01-01 23:19:00+00:00,SHORT,1000.0504152430694,1,0.0752867323387562,1.25
2023-01-01 23:20:00+00:00,SHORT,998.9964724251766,1,0.05411222179654266,1.25
2023-01-01 23:21:00+00:00,SHORT,998.2950166654015,1,0.02161390256620534,1.25
2023-01-01 23:22:00+00:00,SHORT,997.4855181520178,1,-0.02947410063984801,1.25
2023-01-01 23:23:00+00:00,SHORT,996.8264910322297,1,-0.07597769155050735,1.25
2023-01-01 23:26:00+00:00,SHORT,998.269067810628,1,0.030066018951167048,1.25
2023-01-01 23:28:00+00:00,SHORT,998.1963731165289,1,-0.09155455489352138,1.25
2023-01-01 23:29:00+00:00,SHORT,998.102428515802,1,0.014615799013169459,1.25
2023-01-01 23:31:00+00:00,SHORT,998.5878802949007,1,0.02863155969324644,1.25
2023-01-01 23:37:00+00:00,SHORT,1000.7279652730336,1,0.01831499141597214,1.25
2023-01-01 23:38:00+00:00,SHORT,1000.235834374389,1,3.379359974344958e-06,1.25
2023-01-01 23:39:00+00:00,SHORT,999.8019737500675,1,-0.009056491363016535,1.25
2023-01-01 23:40:00+00:00,SHORT,999.2581633210244,1,0.05457291623286016,1.25
2023-01-01 23:41:00+00:00,SHORT,998.8148762284859,1,0.053882375952036134,1.25
2023-01-01 23:44:00+00:00,SHORT,1000.4371133796086,1,0.00881120457220695,1.25
2023-01-01 23:45:00+00:00,SHORT,999.9246464305714,1,-0.06458178180599626,1.25
2023-01-01 23:47:00+00:00,SHORT,999.6852935663187,1,-0.015227427460917112,1.25
2023-01-01 23:50:00+00:00,SHORT,999.9048934948518,1,0.022490718249861614,1.25
2023-01-01 23:53:00+00:00,SHORT,1001.2900969195994,1,0.10036145647981871,1.25
2023-01-01 23:54:00+00:00,SHORT,1000.8458468531824,1,-0.05381923539009953,1.25
2023-01-01 23:59:00+00:00,SHORT,1003.1699061638639,1,0.0556419343967018,1.25
2023-01-02 00:00:00+00:00,SHORT,1003.0620805994897,1,0.021463166487472426,1.25
2023-01-02 00:01:00+00:00,SHORT,1002.4301997076942,1,0.012941509460806017,1.25
2023-01-02 00:02:00+00:00,SHORT,1001.3250582794705,1,-0.012541727823235836,1.25
2023-01-02 00:03:00+00:00,SHORT,1000.74869211223,1,0.0035528675969895155,1.25
2023-01-02 00:05:00+00:00,SHORT,1002.0927839681749,1,0.07065980434464503,1.25
2023-01-02 00:07:00+00:00,SHORT,1001.875604498719,1,-0.05229974353986172,1.25
2023-01-02 00:10:00+00:00,SHORT,1004.8593281870336,1,0.037794175200777595,1.25
2023-01-02 00:11:00+00:00,SHORT,1004.4483289800729,1,0.022109192092286484,1.25
2023-01-02 00:16:00+00:00,SHORT,1007.4037737168625,1,0.017905626413533514,1.25
2023-01-02 00:25:00+00:00,SHORT,1013.0238531721494,1,0.002260561113171053,1.25
2023-01-02 00:28:00+00:00,SHORT,1013.9843574761394,1,-0.003456380280595398,1.25
2023-01-02 00:30:00+00:00,SHORT,1013.5212024691735,1,-0.10305052132816479,1.25
2023-01-02 00:35:00+00:00,SHORT,1014.4696791759147,1,0.08866824510612414,1.25
2023-01-02 00:39:00+00:00,SHORT,1016.2426085985938,1,0.09897925594213251,1.25
2023-01-02 00:43:00+00:00,SHORT,1017.7548517019093,1,-0.0010105683189300114,1.25
2023-01-02 00:47:00+00:00,SHORT,1018.4453811234714,1,-0.10727366297129691,1.25
2023-01-02 00:50:00+00:00,SHORT,1019.1414204482007,1,0.08067439809321925,1.25
2023-01-02 00:52:00+00:00,SHORT,1018.4914053087153,1,-0.002372727094140433,1.25
2023-01-02 00:54:00+00:00,SHORT,1018.8128428885185,1,0.08427808166078135,1.25
2023-01-02 00:55:00+00:00,SHORT,1017.6028560476788,1,0.05344447503368896,1.25
2023-01-02 00:58:00+00:00,SHORT,1018.777035872679,1,-0.00648615600459002,1.25
2023-01-02 00:59:00+00:00,SHORT,1018.7123458282716,1,0.017589383723098907,1.25
2023-01-02 01:01:00+00:00,SHORT,1019.8066945410702,1,-0.004448136912666568,1.25
2023-01-02 01:02:00+00:00,SHORT,1018.6177682281083,1,0.012697868028592239,1.25
2023-01-02 01:04:00+00:00,SHORT,1017.1061494977351,1,0.09207754896050202,1.25
2023-01-02 01:05:00+00:00,SHORT,1016.6826398196249,1,-0.10711832846180952,1.25
2023-01-02 01:08:00+00:00,SHORT,1016.6753874264327,1,-0.05818393842847918,1.25
2023-01-02 01:09:00+00:00,SHORT,1016.1748498741055,1,0.10001085347972166,1.25
2023-01-02 01:12:00+00:00,SHORT,1016.4632683117193,1,-0.008650227889102849,1.25
2023-01-02 01:14:00+00:00,SHORT,1017.8760743574829,1,0.017834035091822038,1.25
2023-01-02 01:15:00+00:00,SHORT,1016.9946182496203,1,0.028276807303368085,1.25
2023-01-02 01:16:00+00:00,SHORT,1015.7787882754031,1,-0.0036686426708050224,1.25
2023-01-02 01:17:00+00:00,SHORT,1015.124304422462,1,-0.09604561712957202,1.25
2023-01-02 01:19:00+00:00,SHORT,1015.3527123651406,1,0.028261027194785182,1.25
2023-01-02 01:21:00+00:00,SHORT,1015.427511080239,1,-0.043485380921951255,1.25
2023-01-02 01:23:00+00:00,SHORT,1015.5848567030739,1,-0.04231104176896298,1.25
2023-01-02 01:33:00+00:00,SHORT,1020.2573290257636,1,-0.03575198680203153,1.25
2023-01-02 01:35:00+00:00,SHORT,1021.363048310725,1,0.03285622580410657,1.25
2023-01-02 01:37:00+00:00,SHORT,1022.284965796757,1,0.030239281095963452,1.25
2023-01-02 01:38:00+00:00,SHORT,1022.2391156121848,1,-0.043246726391228195,1.25
2023-01-02 01:40:00+00:00,SHORT,1021.2147756064754,1,-0.002783849496634371,1.25
2023-01-02 01:42:00+00:00,SHORT,1021.2710078689026,1,0.07694234418380574,1.25
2023-01-02 01:43:00+00:00,SHORT,1020.7445770268137,1,0.07026743460521621,1.25
2023-01-02 01:44:00+00:00,SHORT,1020.4303121329863,1,-0.02022081462266853,1.25
2023-01-02 01:45:00+00:00,SHORT,1018.8334355832509,1,-0.07571638199066372,1.25
2023-01-02 01:46:00+00:00,SHORT,1018.5402555235978,1,0.0002758988865490381,1.25
2023-01-02 01:47:00+00:00,SHORT,1016.5667960444353,1,0.0005935893971522481,1.25
2023-01-02 01:51:00+00:00,SHORT,1016.8247860605903,1,0.05800759823882304,1.25
2023-01-02 01:52:00+00:00,SHORT,1016.0866464600089,1,0.00981026419510808,1.25
2023-01-02 01:53:00+00:00,SHORT,1016.0152848852226,1,-0.042389107199817005,1.25
2023-01-02 01:54:00+00:00,SHORT,1015.9976930513839,1,-0.05705263526737271,1.25
2023-01-02 01:57:00+00:00,SHORT,1017.0038788504091,1,0.0449697587572956,1.25
2023-01-02 02:00:00+00:00,SHORT,1017.0363760989854,1,0.024111255102471446,1.25
2023-01-02 02:01:00+00:00,SHORT,1015.3553780145199,1,0.04521104923761626,1.25
2023-01-02 02:02:00+00:00,SHORT,1015.190850014278,1,0.008971652345793632,1.25
2023-01-02 02:03:00+00:00,SHORT,1014.593176946163,1,-0.05291555846539269,1.25
2023-01-02 02:04:00+00:00,SHORT,1013.7882561046752,1,0.04513018918810105,1.25
2023-01-02 02:07:00+00:00,SHORT,1015.568658139889,1,-0.016057983440877003,1.25
2023-01-02 02:12:00+00:00,SHORT,1017.4809277632322,1,0.043392725711008044,1.25
2023-01-02 02:18:00+00:00,SHORT,1019.9638136254282,1,-0.025644402550095903,1.25
2023-01-02 02:22:00+00:00,SHORT,1022.4439006907269,1,-0.04147613660945252,1.25
2023-01-02 02:25:00+00:00,SHORT,1023.4734852897815,1,-0.030537827259879954,1.25
2023-01-02 02:26:00+00:00,SHORT,1022.9456411440028,1,0.0251377731116682,1.25
2023-01-02 02:27:00+00:00,SHORT,1022.5391690330252,1,-0.0356856670255427,1.25
2023-01-02 02:30:00+00:00,SHORT,1023.0465642523526,1,-0.04105957018572499,1.25
2023-01-02 02:31:00+00:00,SHORT,1022.6149709719944,1,-0.0032042887880942964,1.25
2023-01-02 02:38:00+00:00,SHORT,1026.723446728033,1,-0.03720230198174827,1.25
2023-01-02 02:39:00+00:00,SHORT,1025.859133417065,1,0.061728704472880515,1.25
2023-01-02 02:40:00+00:00,SHORT,1025.6999645073379,1,0.00968099249689163,1.25
2023-01-02 02:43:00+00:00,SHORT,1025.195902554948,1,-0.0033414542360509763,1.25
2023-01-02 02:45:00+00:00,SHORT,1026.085207543472,1,-0.009057039552217585,1.25
2023-01-02 02:46:00+00:00,SHORT,1025.0314569037555,1,0.05709997142623489,1.25
2023-01-02 02:50:00+00:00,SHORT,1026.239114218743,1,0.07298232330209208,1.25
2023-01-02 02:52:00+00:00,SHORT,1026.8200470662389,1,0.0010594326387054554,1.25
2023-01-02 02:53:00+00:00,SHORT,1026.7523520326176,1,0.037121906101173746,1.25
2023-01-02 02:56:00+00:00,SHORT,1027.8862779978856,1,-0.023710167873111206,1.25
2023-01-02 02:59:00+00:00,SHORT,1028.9566267004657,1,-0.006677585993264489,1.25
2023-01-02 03:03:00+00:00,SHORT,1029.3916586988419,1,-0.003855471433246785,1.25
2023-01-02 03:04:00+00:00,SHORT,1028.9365288528156,1,0.005899733475347688,1.25
2023-01-02 03:05:00+00:00,SHORT,1028.3871598761095,1,0.00256778278022397,1.25
2023-01-02 03:08:00+00:00,SHORT,1029.748351232242,1,-0.03333821020563157,1.25
2023-01-02 03:10:00+00:00,SHORT,1030.103026501874,1,0.009139436493875757,1.25
2023-01-02 03:12:00+00:00,SHORT,1028.680238662739,1,-0.032110533855734584,1.25
2023-01-02 03:13:00+00:00,SHORT,1027.2142977995243,1,0.06731521795885571,1.25
2023-01-02 03:14:00+00:00,SHORT,1026.944082173007,1,-0.03971089149387949,1.25
2023-01-02 03:15:00+00:00,SHORT,1026.0491912594823,1,0.015107410283715567,1.25
2023-01-02 03:17:00+00:00,SHORT,1025.8990250020297,1,0.05540473689596967,1.25
2023-01-02 03:19:00+00:00,SHORT,1025.854623767659,1,-0.00033645200261327293,1.25
2023-01-02 03:22:00+00:00,SHORT,1026.2477189288095,1,0.02336495199804963,1.25
2023-01-02 03:24:00+00:00,SHORT,1026.0264164991504,1,-0.009287984870098097,1.25
2023-01-02 03:25:00+00:00,SHORT,1025.5648323588719,1,-0.06566265343722714,1.25
2023-01-02 03:26:00+00:00,SHORT,1024.3380632246754,1,0.01604438258564088,1.25
2023-01-02 03:29:00+00:00,SHORT,1025.8051590322789,1,-0.12591803768231977,1.25
2023-01-02 03:30:00+00:00,SHORT,1025.5912768972319,1,0.05368562854206195,1.25
2023-01-02 03:31:00+00:00,SHORT,1025.3178996484696,1,-0.040531384455095,1.25
2023-01-02 03:37:00+00:00,SHORT,1028.4801289584905,1,0.02988896939181593,1.25
2023-01-02 03:38:00+00:00,SHORT,1028.26774753039,1,0.02915052743231173,1.25
2023-01-02 03:39:00+00:00,SHORT,1028.0798671162547,1,-0.05551887444929346,1.25
2023-01-02 03:40:00+00:00,SHORT,1027.969450666102,1,-0.10704438049642535,1.25
2023-01-02 03:44:00+00:00,SHORT,1029.2780679571542,1,0.012267840489684639,1.25
2023-01-02 03:46:00+00:00,SHORT,1029.2156539656396,1,0.07296794991241422,1.25
2023-01-02 03:50:00+00:00,SHORT,1029.4593894244613,1,-0.04550922391725638,1.25
2023-01-02 03:52:00+00:00,SHORT,1028.8358824423924,1,0.003857488047187407,1.25
2023-01-02 03:54:00+00:00,SHORT,1029.57768539513,1,0.05958521991140614,1.25
2023-01-02 03:56:00+00:00,SHORT,1029.2597403032612,1,-0.025757577051642375,1.25
2023-01-02 03:57:00+00:00,SHORT,1028.3396437142999,1,-0.0788072716715306,1.25
2023-01-02 03:59:00+00:00,SHORT,1029.456662830601,1,0.02387993330137251,1.25
2023-01-02 04:06:00+00:00,SHORT,1032.9987595494217,1,-0.0386294689288994,1.25
2023-01-02 04:12:00+00:00,SHORT,1036.3591428474397,1,0.09324980093432439,1.25
2023-01-02 04:14:00+00:00,SHORT,1036.7770905918835,1,0.08202491297765871,1.25
2023-01-02 04:16:00+00:00,SHORT,1036.1289037982276,1,-0.03060117696581535,1.25
2023-01-02 04:17:00+00:00,SHORT,1035.5019049756224,1,0.03254852993167931,1.25
2023-01-02 04:23:00+00:00,SHORT,1038.0410144123591,1,0.04411232025193326,1.25
2023-01-02 04:26:00+00:00,SHORT,1039.6055926283452,1,-0.06644245493318542,1.25
2023-01-02 04:29:00+00:00,SHORT,1039.67307792096,1,0.057983096113252725,1.25
2023-01-02 04:31:00+00:00,SHORT,1040.6038253687818,1,0.02440577392687457,1.25
2023-01-02 04:33:00+00:00,SHORT,1040.5192086044658,1,0.0886437958190681,1.25
2023-01-02 04:35:00+00:00,SHORT,1040.4676489505603,1,-0.009101132858778642,1.25
2023-01-02 04:36:00+00:00,SHORT,1039.5400775692528,1,0.02455355425924773,1.25
2023-01-02 04:38:00+00:00,SHORT,1039.6194764331174,1,-0.07361470935645417,1.25
2023-01-02 04:39:00+00:00,SHORT,1038.9584658428546,1,0.03040001735031337,1.25
2023-01-02 04:40:00+00:00,SHORT,1038.0977557586593,1,-0.06740030233374525,1.25
2023-01-02 04:41:00+00:00,SHORT,1036.35148470795,1,-0.026751302677193597,1.25
2023-01-02 04:42:00+00:00,SHORT,1035.7836233650955,1,-0.06498318309188536,1.25
2023-01-02 04:45:00+00:00,SHORT,1036.9335084722456,1,-0.016784332391236768,1.25
2023-01-02 04:48:00+00:00,SHORT,1039.0269962447749,1,-0.03755164949810788,1.25
2023-01-02 04:49:00+00:00,SHORT,1038.774846555301,1,-0.019719800163687164,1.25
2023-01-02 04:51:00+00:00,SHORT,1038.56915237359,1,0.052188123168286166,1.25
2023-01-02 04:52:00+00:00,SHORT,1037.4659777730744,1,0.001412546959313677,1.25
2023-01-02 05:02:00+00:00,SHORT,1042.7110787164388,1,-0.04639277621111712,1.25
2023-01-02 05:03:00+00:00,SHORT,1042.6669558083613,1,0.03830143017578508,1.25
2023-01-02 05:04:00+00:00,SHORT,1041.9851573908682,1,-0.09135921353439898,1.25
2023-01-02 05:05:00+00:00,SHORT,1041.7697883790527,1,0.07276656809606517,1.25
2023-01-02 05:06:00+00:00,SHORT,1040.3970389753001,1,0.03543550735125137,1.25
2023-01-02 05:07:00+00:00,SHORT,1040.3406256520493,1,-0.009999457262106132,1.25
2023-01-02 05:08:00+00:00,SHORT,1039.501082448715,1,-0.02708283301314653,1.25
2023-01-02 05:12:00+00:00,SHORT,1040.6310686835584,1,0.050883961923938376,1.25
2023-01-02 05:13:00+00:00,SHORT,1039.3599041244595,1,0.01535624946503807,1.25
2023-01-02 05:15:00+00:00,SHORT,1039.2830808030665,1,0.05155580184178946,1.25
2023-01-02 05:16:00+00:00,SHORT,1038.442413884966,1,0.0756371334931455,1.25
2023-01-02 05:18:00+00:00,SHORT,1038.7479433881383,1,0.04050558800848299,1.25
2023-01-02 05:20:00+00:00,SHORT,1037.9974760321847,1,0.07406669896518314,1.25
2023-01-02 05:21:00+00:00,SHORT,1036.9262387607175,1,-0.03804379800405319,1.25
2023-01-02 05:23:00+00:00,SHORT,1036.7270580437423,1,-0.003655365020423751,1.25
2023-01-02 05:25:00+00:00,SHORT,1035.761905753081,1,0.013366716503740456,1.25
2023-01-02 05:30:00+00:00,SHORT,1037.5559093699417,1,0.08222603516134658,1.25
2023-01-02 05:35:00+00:00,SHORT,1037.8939260984075,1,0.014563161244535203,1.25
2023-01-02 05:36:00+00:00,SHORT,1037.3120765572394,1,0.01369383751614843,1.25
2023-01-02 05:37:00+00:00,SHORT,1036.746298844774,1,-0.0295020289962112,1.25
2023-01-02 05:39:00+00:00,SHORT,1037.0099156787567,1,0.0537104401270898,1.25
2023-01-02 05:40:00+00:00,SHORT,1036.024208329737,1,0.007958817984301729,1.25
2023-01-02 05:41:00+00:00,SHORT,1035.3802652358665,1,-0.07776339702043386,1.25
2023-01-02 05:43:00+00:00,SHORT,1035.5814755030044,1,0.022784302692784093,1.25
2023-01-02 05:45:00+00:00,SHORT,1036.341976238046,1,-0.0519571772869487,1.25
2023-01-02 05:47:00+00:00,SHORT,1036.0602470114163,1,0.006655019727843605,1.25
2023-01-02 05:49:00+00:00,SHORT,1037.1259035151863,1,-0.027201563066992007,1.25
2023-01-02 05:53:00+00:00,SHORT,1037.2807758483445,1,-0.013224241210181948,1.25
2023-01-02 05:54:00+00:00,SHORT,1037.1055585666757,1,-0.03469469664076085,1.25
2023-01-02 05:56:00+00:00,SHORT,1037.02913142752,1,-0.03976138508233981,1.25
2023-01-02 05:59:00+00:00,SHORT,1039.5485789935558,1,-0.0350558316748698,1.25
2023-01-02 06:00:00+00:00,SHORT,1039.0942360013485,1,0.025854731380278717,1.25
2023-01-02 06:01:00+00:00,SHORT,1037.903684090459,1,0.0783185016312998,1.25
2023-01-02 06:03:00+00:00,SHORT,1040.022113691688,1,0.030797371627472248,1.25
2023-01-02 06:06:00+00:00,SHORT,1042.144370420733,1,0.0016854838247824739,1.25
2023-01-02 06:09:00+00:00,SHORT,1043.4887235507617,1,-0.028690476799351317,1.25
2023-01-02 06:10:00+00:00,SHORT,1043.179828897117,1,0.021132003444451878,1.25
2023-01-02 06:11:00+00:00,SHORT,1042.9795347320392,1,0.051539821283733724,1.25
2023-01-02 06:12:00+00:00,SHORT,1042.5350360218195,1,0.01078243096660208,1.25
2023-01-02 06:13:00+00:00,SHORT,1041.6760962344124,1,-0.02372134980110467,1.25
2023-01-02 06:14:00+00:00,SHORT,1041.0988638562983,1,-0.06001238829780451,1.25
2023-01-02 06:16:00+00:00,SHORT,1040.1025275178176,1,0.06575629305482518,1.25
2023-01-02 06:18:00+00:00,SHORT,1039.7202275893853,1,0.001971867289472531,1.25
2023-01-02 06:21:00+00:00,SHORT,1039.31350230449,1,0.0831184144510241,1.25
2023-01-02 06:24:00+00:00,SHORT,1039.0414295553546,1,0.02927910842183722,1.25
2023-01-02 06:27:00+00:00,SHORT,1039.8009946423142,1,0.0030997579832933607,1.25
2023-01-02 06:28:00+00:00,SHORT,1039.1551345233147,1,0.0626658588436995,1.25
2023-01-02 06:32:00+00:00,SHORT,1040.1404126060843,1,0.006713472227117933,1.25
2023-01-02 06:34:00+00:00,SHORT,1039.4583242998015,1,-0.06380896935167495,1.25
2023-01-02 06:35:00+00:00,SHORT,1038.3138741193713,1,-0.03325371618843659,1.25
2023-01-02 06:36:00+00:00,SHORT,1038.18194891244,1,-0.07279002452847229,1.25
2023-01-02 06:37:00+00:00,SHORT,1037.4511937260806,1,-0.05302748922414542,1.25
2023-01-02 06:41:00+00:00,SHORT,1039.2626508410938,1,0.0700266393553074,1.25
2023-01-02 06:42:00+00:00,SHORT,1038.3815186304837,1,0.04333447871105345,1.25
2023-01-02 06:48:00+00:00,SHORT,1041.6642854245827,1,-0.04143231867778674,1.25
2023-01-02 06:50:00+00:00,SHORT,1041.5487039760574,1,0.01070559138452222,1.25
2023-01-02 06:53:00+00:00,SHORT,1042.777924889488,1,-0.0424018290297908,1.25
2023-01-02 06:54:00+00:00,SHORT,1042.104331486169,1,0.06048471488686611,1.25
2023-01-02 06:55:00+00:00,SHORT,1041.0421526461666,1,0.013363037605508395,1.25
2023-01-02 06:57:00+00:00,SHORT,1039.911652197726,1,-0.03825533674347151,1.25
2023-01-02 06:58:00+00:00,SHORT,1038.996808773386,1,0.03554697900392776,1.25
2023-01-02 07:01:00+00:00,SHORT,1039.6064002332869,1,0.031836036876950434,1.25
2023-01-02 07:04:00+00:00,SHORT,1040.3970043321603,1,0.0019008389613020431,1.25
2023-01-02 07:06:00+00:00,SHORT,1041.0794007119505,1,0.002385654541155052,1.25
2023-01-02 07:09:00+00:00,SHORT,1041.231329584545,1,0.09935969417915046,1.25
2023-01-02 07:11:00+00:00,SHORT,1041.5823113228864,1,-0.018285770021100607,1.25
2023-01-02 07:12:00+00:00,SHORT,1041.3541880150033,1,0.10062873078705198,1.25
2023-01-02 07:14:00+00:00,SHORT,1041.261072245987,1,0.011101576368564566,1.25
2023-01-02 07:16:00+00:00,SHORT,1040.5443323992497,1,0.003129372508239696,1.25
2023-01-02 07:19:00+00:00,SHORT,1041.8134511746414,1,-0.02631895859222736,1.25
2023-01-02 07:24:00+00:00,SHORT,1043.9786003291642,1,-0.1566674382741521,1.25
2023-01-02 07:25:00+00:00,SHORT,1043.002054875724,1,0.03800010757492575,1.25
2023-01-02 07:26:00+00:00,SHORT,1042.121477602849,1,-0.0301909562509675,1.25
2023-01-02 07:27:00+00:00,SHORT,1041.8911582009707,1,0.0060690761563306815,1.25
2023-01-02 07:28:00+00:00,SHORT,1041.344680634864,1,-0.04463122584705228,1.25
2023-01-02 07:31:00+00:00,SHORT,1041.6420469823604,1,0.08003890185523646,1.25
2023-01-02 07:34:00+00:00,SHORT,1042.0424810112063,1,-0.08010087572460972,1.25
2023-01-02 07:35:00+00:00,SHORT,1040.4715571322133,1,0.005382806639126628,1.25
2023-01-02 07:36:00+00:00,SHORT,1039.6920359517528,1,-0.0033122416869085926,1.25
2023-01-02 07:37:00+00:00,SHORT,1039.5258162836276,1,-0.04969308772509684,1.25
2023-01-02 07:41:00+00:00,SHORT,1041.3375855015981,1,0.018990435849792268,1.25
2023-01-02 07:44:00+00:00,SHORT,1042.5086849490463,1,-0.03650735283738154,1.25
2023-01-02 07:45:00+00:00,SHORT,1042.211336821708,1,-0.05275149749716493,1.25
2023-01-02 07:46:00+00:00,SHORT,1041.7175007306626,1,-0.03525100658201019,1.25
2023-01-02 07:47:00+00:00,SHORT,1041.4328308726904,1,0.06787245801243036,1.25
2023-01-02 07:54:00+00:00,SHORT,1043.6005565412959,1,-0.004433059734876204,1.25
2023-01-02 07:55:00+00:00,SHORT,1042.311895372154,1,-0.054112735878343914,1.25
2023-01-02 07:57:00+00:00,SHORT,1040.9378676493752,1,-0.07844122750040639,1.25
2023-01-02 07:58:00+00:00,SHORT,1039.812418022866,1,0.06615861032155095,1.25
2023-01-02 07:59:00+00:00,SHORT,1039.689678965039,1,0.0019314971058048637,1.25
2023-01-02 08:00:00+00:00,SHORT,1038.690919831625,1,-0.027900654054721058,1.25
2023-01-02 08:03:00+00:00,SHORT,1038.2862338674772,1,0.01605038556724801,1.25
2023-01-02 08:04:00+00:00,SHORT,1037.7795992189415,1,-0.043921794608174636,1.25
2023-01-02 08:05:00+00:00,SHORT,1035.6079903299394,1,-0.06652301319047897,1.25
2023-01-02 08:07:00+00:00,SHORT,1035.4987679418377,1,-0.047793281456421643,1.25
2023-01-02 08:09:00+00:00,SHORT,1034.407194154603,1,0.06663983013295303,1.25
2023-01-02 08:12:00+00:00,SHORT,1035.0088780704914,1,-0.030812237217995926,1.25
2023-01-02 08:14:00+00:00,SHORT,1035.2107505956628,1,0.014023475268243794,1.25
2023-01-02 08:15:00+00:00,SHORT,1035.0640072578144,1,0.02948414503012886,1.25
2023-01-02 08:16:00+00:00,SHORT,1035.0204074435542,1,0.0504740053272876,1.25
2023-01-02 08:17:00+00:00,SHORT,1034.1625345888606,1,-0.13583648835656975,1.25
2023-01-02 08:18:00+00:00,SHORT,1033.8729257007897,1,0.058721516873983796,1.25
2023-01-02 08:19:00+00:00,SHORT,1033.1244189310125,1,-0.07562682432054174,1.25
2023-01-02 08:21:00+00:00,SHORT,1034.469028659417,1,0.0036797877926853443,1.25
2023-01-02 08:22:00+00:00,SHORT,1033.3030245457144,1,0.034951278951519255,1.25
2023-01-02 08:24:00+00:00,SHORT,1033.1242990765259,1,0.09597297189799,1.25
2023-01-02 08:25:00+00:00,SHORT,1032.9857542603984,1,-0.0615103009323585,1.25
2023-01-02 08:27:00+00:00,SHORT,1033.3407344121172,1,-0.013045157391993627,1.25
2023-01-02 08:30:00+00:00,SHORT,1034.908696500444,1,-0.015584247563327963,1.25
2023-01-02 08:32:00+00:00,SHORT,1036.2531582620645,1,0.05420527622356028,1.25
2023-01-02 08:38:00+00:00,SHORT,1039.0426988244299,1,0.029840871600318876,1.25
2023-01-02 08:40:00+00:00,SHORT,1038.7320246132344,1,0.09661459474622942,1.25
2023-01-02 08:43:00+00:00,SHORT,1040.0486347687217,1,-0.00422202765720021,1.25
2023-01-02 08:45:00+00:00,SHORT,1039.867930171435,1,0.03463632994991297,1.25
2023-01-02 08:46:00+00:00,SHORT,1038.759212304942,1,0.023253802822267907,1.25
2023-01-02 08:48:00+00:00,SHORT,1038.9486338104293,1,-0.02398833396653087,1.25
2023-01-02 08:49:00+00:00,SHORT,1038.390501691609,1,0.0362677551591389,1.25
2023-01-02 08:54:00+00:00,SHORT,1040.3967688281718,1,-0.017743909694283064,1.25
2023-01-02 08:55:00+00:00,SHORT,1039.7330710513468,1,-0.05172785683498379,1.25
2023-01-02 08:57:00+00:00,SHORT,1039.83831944337,1,0.012631001967605728,1.25
2023-01-02 08:58:00+00:00,SHORT,1039.5318184946843,1,-0.050735444912613996,1.25
2023-01-02 09:03:00+00:00,SHORT,1043.0622417124407,1,0.06464811814381466,1.25
2023-01-02 09:11:00+00:00,SHORT,1046.6462187268596,1,-0.03922928738941533,1.25
2023-01-02 09:12:00+00:00,SHORT,1046.2396381164117,1,-0.14026193525236327,1.25
2023-01-02 09:13:00+00:00,SHORT,1045.6469267185826,1,0.03070339788107973,1.25
2023-01-02 09:14:00+00:00,SHORT,1044.739377954615,1,0.06459045508450038,1.25
2023-01-02 09:16:00+00:00,SHORT,1044.801797935064,1,-0.07727413492110347,1.25
2023-01-02 09:17:00+00:00,SHORT,1043.9357757998096,1,0.021527624380381145,1.25
2023-01-02 09:18:00+00:00,SHORT,1043.7722990310663,1,-0.0002372767626600701,1.25
2023-01-02 09:22:00+00:00,SHORT,1045.1890518228213,1,0.009670145798304546,1.25
2023-01-02 09:23:00+00:00,SHORT,1044.6684744750382,1,0.04281575171939335,1.25
2023-01-02 09:25:00+00:00,SHORT,1044.747036413654,1,0.06075468850910697,1.25
2023-01-02 09:32:00+00:00,SHORT,1048.6579398680726,1,0.0034076281590915327,1.25
2023-01-02 09:34:00+00:00,SHORT,1047.8619132947308,1,-0.047064041980522726,1.25
2023-01-02 09:35:00+00:00,SHORT,1047.283452269646,1,0.0796171226153638,1.25
2023-01-02 09:44:00+00:00,SHORT,1052.9346597808603,1,-0.0879236036954118,1.25
2023-01-02 09:49:00+00:00,SHORT,1054.1481373188365,1,0.001084432784116524,1.25
2023-01-02 09:50:00+00:00,SHORT,1054.0149923956437,1,0.01747320812043454,1.25
2023-01-02 09:51:00+00:00,SHORT,1052.9809558206605,1,0.019655113828224317,1.25
2023-01-02 09:52:00+00:00,SHORT,1052.7862536569842,1,-0.03829070462105676,1.25
2023-01-02 09:53:00+00:00,SHORT,1052.0941419059195,1,0.014287063890329247,1.25
2023-01-02 09:57:00+00:00,SHORT,1053.782258457761,1,-0.07212362540629884,1.25
2023-01-02 10:00:00+00:00,SHORT,1054.1658558190966,1,-0.06406131867311883,1.25
2023-01-02 10:01:00+00:00,SHORT,1053.6817569138013,1,-0.034004538949078345,1.25
2023-01-02 10:03:00+00:00,SHORT,1053.54876062315,1,0.066414575990763,1.25
2023-01-02 10:05:00+00:00,SHORT,1053.4972937220748,1,-0.0027336330667992875,1.25
2023-01-02 10:07:00+00:00,SHORT,1053.711836761382,1,0.03986750188418182,1.25
2023-01-02 10:08:00+00:00,SHORT,1052.9217025998405,1,0.08211007811214836,1.25
2023-01-02 10:10:00+00:00,SHORT,1053.2174186110642,1,0.026441476563710865,1.25
2023-01-02 10:12:00+00:00,SHORT,1054.2655272583836,1,-0.11993494469043542,1.25
2023-01-02 10:15:00+00:00,SHORT,1054.9150128893698,1,0.10971817979058246,1.25
2023-01-02 10:16:00+00:00,SHORT,1053.801724077421,1,0.02655718072012595,1.25
2023-01-02 10:17:00+00:00,SHORT,1052.3421335148976,1,-0.002720701938515661,1.25
2023-01-02 10:19:00+00:00,SHORT,1052.1216138212533,1,-0.0017895492785518722,1.25
2023-01-02 10:21:00+00:00,SHORT,1053.7803685568379,1,-0.03312558495156299,1.25
2023-01-02 10:30:00+00:00,SHORT,1061.2286204018453,1,0.05819161528771843,1.25
2023-01-02 10:31:00+00:00,SHORT,1060.6898842987393,1,0.12905797385337112,1.25
2023-01-02 10:32:00+00:00,SHORT,1060.040748780942,1,0.08405199548883288,1.25
2023-01-02 10:33:00+00:00,SHORT,1060.0861466790773,1,-0.03579222442419552,1.25
2023-01-02 10:34:00+00:00,SHORT,1059.8534322534804,1,0.12418331328667774,1.25
2023-01-02 10:39:00+00:00,SHORT,1062.2880287498263,1,-0.036343843144472095,1.25
2023-01-02 10:40:00+00:00,SHORT,1061.3032584824443,1,-0.05128173927661309,1.25
2023-01-02 10:41:00+00:00,SHORT,1061.1883473961152,1,-0.0017724854655681275,1.25
2023-01-02 10:42:00+00:00,SHORT,1060.5306486780057,1,0.05109784702015849,1.25
2023-01-02 10:43:00+00:00,SHORT,1058.963870960551,1,0.03536565137204407,1.25
2023-01-02 10:44:00+00:00,SHORT,1058.8998408795603,1,-0.029351022374243425,1.25
2023-01-02 10:47:00+00:00,SHORT,1060.6185762749728,1,0.02536171623677752,1.25
2023-01-02 10:51:00+00:00,SHORT,1062.877182530079,1,0.0032820829160887795,1.25
2023-01-02 10:52:00+00:00,SHORT,1062.6845385313075,1,-0.0033631078247609854,1.25
2023-01-02 10:53:00+00:00,SHORT,1061.8352948772817,1,0.03725213978735814,1.25
2023-01-02 10:57:00+00:00,SHORT,1065.3827665985289,1,0.016258810467502886,1.25
2023-01-02 10:58:00+00:00,SHORT,1064.9667715373394,1,0.015679575773787917,1.25
2023-01-02 11:00:00+00:00,SHORT,1064.126830058597,1,0.022082191013220447,1.25
2023-01-02 11:02:00+00:00,SHORT,1062.9184075773805,1,-0.0008282912099696768,1.25
2023-01-02 11:03:00+00:00,SHORT,1062.7813390201707,1,-0.012392555875925176,1.25
2023-01-02 11:04:00+00:00,SHORT,1062.395567018565,1,-0.0019978750276714303,1.25
2023-01-02 11:06:00+00:00,SHORT,1061.424095479741,1,0.055017725164534896,1.25
2023-01-02 11:07:00+00:00,SHORT,1060.9883374198798,1,-0.03851150858393928,1.25
2023-01-02 11:08:00+00:00,SHORT,1060.0332554464574,1,0.0010075127159572504,1.25
2023-01-02 11:09:00+00:00,SHORT,1057.5605503270172,1,-0.0407518565400782,1.25
2023-01-02 11:12:00+00:00,SHORT,1060.4807652147306,1,-0.006215191189862692,1.25
2023-01-02 11:13:00+00:00,SHORT,1060.037755182168,1,0.06150041597416052,1.25
2023-01-02 11:15:00+00:00,SHORT,1059.9578291032349,1,-0.02826668133935108,1.25
2023-01-02 11:19:00+00:00,SHORT,1060.9837329736176,1,-0.10228280363436093,1.25
2023-01-02 11:20:00+00:00,SHORT,1060.9311609284616,1,-0.06984058266482686,1.25
2023-01-02 11:21:00+00:00,SHORT,1060.8138958766317,1,0.014241275715015062,1.25
2023-01-02 11:22:00+00:00,SHORT,1060.0602790021658,1,0.023008861116456225,1.25
2023-01-02 11:23:00+00:00,SHORT,1059.283281789353,1,-0.09898832710940723,1.25
2023-01-02 11:26:00+00:00,SHORT,1060.2555886780492,1,-0.020728994144653536,1.25
2023-01-02 11:28:00+00:00,SHORT,1060.825726717633,1,-0.035608865172548985,1.25
2023-01-02 11:29:00+00:00,SHORT,1060.6156621122134,1,0.01559878655716452,1.25
2023-01-02 11:30:00+00:00,SHORT,1060.5546109351133,1,-0.05851986233650918,1.25
2023-01-02 11:31:00+00:00,SHORT,1059.9403916658848,1,-0.03892657258517304,1.25
2023-01-02 11:34:00+00:00,SHORT,1059.2461292512164,1,-0.05217951844745325,1.25
2023-01-02 11:37:00+00:00,SHORT,1059.4898603156837,1,-0.06406880201069455,1.25
2023-01-02 11:38:00+00:00,SHORT,1058.2074584451727,1,0.022816871115291855,1.25
2023-01-02 11:40:00+00:00,SHORT,1058.3582185124324,1,0.09660492030360525,1.25
2023-01-02 11:42:00+00:00,SHORT,1057.6166447935605,1,-0.02497848146659287,1.25
2023-01-02 11:44:00+00:00,SHORT,1056.862819344159,1,0.025902746684006123,1.25
2023-01-02 11:45:00+00:00,SHORT,1056.8541629337124,1,0.004424322209846017,1.25
2023-01-02 11:47:00+00:00,SHORT,1056.455673680107,1,0.022181259107011454,1.25
2023-01-02 11:48:00+00:00,SHORT,1055.8050298350709,1,0.052143714285037085,1.25
2023-01-02 11:51:00+00:00,SHORT,1056.2754356065732,1,0.03708295005982826,1.25
2023-01-02 11:56:00+00:00,SHORT,1056.5814571452224,1,0.021986014001508496,1.25
2023-01-02 11:57:00+00:00,SHORT,1056.2450544711853,1,-0.04819192779744543,1.25
2023-01-02 11:59:00+00:00,SHORT,1055.6661977434978,1,0.0006866321995032758,1.25
2023-01-02 12:00:00+00:00,SHORT,1054.73882898212,1,-0.02298627270822225,1.25
2023-01-02 12:03:00+00:00,SHORT,1053.4046354853026,1,0.02408182258950449,1.25
2023-01-02 12:04:00+00:00,SHORT,1051.4336529211812,1,0.005600658763709865,1.25
2023-01-02 12:08:00+00:00,SHORT,1052.7997529708828,1,-0.0600813397005982,1.25
2023-01-02 12:09:00+00:00,SHORT,1052.150167797406,1,0.09665699473355754,1.25
2023-01-02 13:01:00+00:00,SHORT,1062.6875632322121,1,-0.049837249393307304,1.25
2023-01-02 13:02:00+00:00,SHORT,1062.8633507292202,1,0.03932617679136825,1.25
2023-01-02 13:03:00+00:00,SHORT,1062.5575392483001,1,-0.04487495835739021,1.25
2023-01-02 13:04:00+00:00,SHORT,1062.808864891074,1,0.08132727648686139,1.25
2023-01-02 13:05:00+00:00,SHORT,1062.601340329377,1,-0.03769810654813114,1.25
2023-01-02 13:06:00+00:00,SHORT,1062.7043836036103,1,-0.07787505077465448,1.25
2023-01-02 13:07:00+00:00,SHORT,1063.9003451944568,1,0.002759513661096871,1.25
2023-01-02 13:08:00+00:00,SHORT,1063.028258636112,1,0.018499889653073056,1.25
2023-01-02 13:09:00+00:00,SHORT,1063.9863642995936,1,-0.03023172537083554,1.25
2023-01-02 13:10:00+00:00,SHORT,1065.0868843598837,1,0.05144837624383232,1.25
2023-01-02 13:11:00+00:00,SHORT,1064.995193750458,1,-0.04253628575899348,1.25
2023-01-02 13:12:00+00:00,SHORT,1063.1817994938772,1,-0.04957968176627066,1.25
2023-01-02 13:13:00+00:00,SHORT,1062.665980431862,1,-0.04852009434412711,1.25
2023-01-02 13:14:00+00:00,SHORT,1063.8126547993645,1,0.005085915852954473,1.25
2023-01-02 13:15:00+00:00,SHORT,1063.776275940373,1,0.022002992570636787,1.25
2023-01-02 13:16:00+00:00,SHORT,1062.9390435043197,1,-0.009130482728299222,1.25
2023-01-02 13:17:00+00:00,SHORT,1062.4810575056795,1,0.03796347283551041,1.25
2023-01-02 13:18:00+00:00,SHORT,1063.2298572703742,1,0.00394383866095902,1.25
2023-01-02 13:19:00+00:00,SHORT,1063.679470070902,1,0.019477243065276015,1.25
2023-01-02 13:20:00+00:00,SHORT,1063.4940228823762,1,0.0016224044690619826,1.25
2023-01-02 13:21:00+00:00,SHORT,1063.1512910120732,1,-0.03230713197553144,1.25
2023-01-02 13:22:00+00:00,SHORT,1062.8380586522676,1,0.012383030409559938,1.25
2023-01-02 13:23:00+00:00,SHORT,1062.0233389500188,1,-0.04308478508587725,1.25
2023-01-02 13:25:00+00:00,SHORT,1063.1421194332042,1,-0.023521169901128947,1.25
2023-01-02 13:26:00+00:00,SHORT,1064.0553642949073,1,-0.14601338365213326,1.25
2023-01-02 13:27:00+00:00,SHORT,1065.4847131410806,1,-0.012642324906971873,1.25
2023-01-02 13:28:00+00:00,SHORT,1066.33912996591,1,0.009523496382872053,1.25
2023-01-02 13:29:00+00:00,SHORT,1065.912341801058,1,-0.06816903260804985,1.25
2023-01-02 13:30:00+00:00,SHORT,1066.2838821324824,1,-0.04097903437518001,1.25
2023-01-02 13:31:00+00:00,SHORT,1066.2550921024845,1,0.04912896283299999,1.25
2023-01-02 13:32:00+00:00,SHORT,1065.5071168311704,1,0.026485944440442,1.25
2023-01-02 13:33:00+00:00,SHORT,1065.8009250776306,1,0.009206145493265382,1.25
2023-01-02 13:34:00+00:00,SHORT,1064.7273886305643,1,0.07791051823139915,1.25
2023-01-02 13:35:00+00:00,SHORT,1065.7381259157085,1,-0.07937186914040638,1.25
2023-01-02 13:36:00+00:00,SHORT,1065.417164837704,1,-0.004248766541993745,1.25
2023-01-02 13:37:00+00:00,SHORT,1065.5292500171115,1,-0.06363322780990908,1.25
2023-01-02 13:38:00+00:00,SHORT,1065.764369761807,1,0.0700364821588936,1.25
2023-01-02 13:39:00+00:00,SHORT,1065.6001338457352,1,0.01353539584569817,1.25
2023-01-02 13:40:00+00:00,SHORT,1066.1107775227747,1,-0.0031602590119463162,1.25
2023-01-02 13:41:00+00:00,SHORT,1065.691050873829,1,-0.017922714476388206,1.25
2023-01-02 13:42:00+00:00,SHORT,1066.389770517034,1,0.06230150389760667,1.25
2023-01-02 13:44:00+00:00,SHORT,1065.3993642038529,1,0.01269921387810267,1.25
2023-01-02 13:45:00+00:00,SHORT,1067.0492027599146,1,0.01674971215019888,1.25
2023-01-02 13:47:00+00:00,SHORT,1065.599137252703,1,-0.03528185908604004,1.25
2023-01-02 13:48:00+00:00,SHORT,1066.034427774256,1,0.03819172348678096,1.25
2023-01-02 13:49:00+00:00,SHORT,1066.2114505304387,1,0.014337746118594117,1.25
2023-01-02 13:50:00+00:00,SHORT,1066.516818558648,1,-0.008092351700777583,1.25
2023-01-02 13:51:00+00:00,SHORT,1066.8911210215056,1,-0.05125577941062183,1.25
2023-01-02 13:52:00+00:00,SHORT,1067.472572649576,1,0.01171070940637296,1.25
2023-01-02 13:53:00+00:00,SHORT,1068.4073706083664,1,-0.025003239122197027,1.25
2023-01-02 13:54:00+00:00,SHORT,1068.7804142690966,1,0.0023078233279727866,1.25
2023-01-02 13:55:00+00:00,SHORT,1068.5569843513792,1,-0.01947603630872502,1.25
2023-01-02 13:56:00+00:00,SHORT,1069.0929927543516,1,-0.05857948148820821,1.25
2023-01-02 13:57:00+00:00,SHORT,1070.7556270968269,1,-0.02219010152015987,1.25
2023-01-02 13:58:00+00:00,SHORT,1070.637099308219,1,-0.02710689894466325,1.25
2023-01-02 13:59:00+00:00,SHORT,1069.7995074420908,1,0.030309146660221106,1.25
2023-01-02 14:00:00+00:00,SHORT,1070.6991809894887,1,-0.07856563880630227,1.25
2023-01-02 14:13:00+00:00,SHORT,1070.9952551990127,1,0.06752074586701877,1.25
2023-01-02 14:18:00+00:00,SHORT,1071.709861089276,1,-0.029976243958041517,1.25
2023-01-02 14:20:00+00:00,SHORT,1073.0940755893944,1,-0.03110214799230316,1.25
2023-01-02 14:21:00+00:00,SHORT,1072.7877696064993,1,0.037561510286124755,1.25
2023-01-02 14:22:00+00:00,SHORT,1072.7224918462828,1,-0.08617232387608297,1.25
2023-01-02 14:23:00+00:00,SHORT,1072.536365393417,1,0.012127211259995475,1.25
2023-01-02 14:24:00+00:00,SHORT,1073.130568847264,1,0.10452461517845546,1.25
2023-01-02 14:30:00+00:00,SHORT,1072.2129020865834,1,0.008399624749814753,1.25
2023-01-02 14:31:00+00:00,SHORT,1072.06401425838,1,-0.012485833200132992,1.25
2023-01-02 14:33:00+00:00,SHORT,1073.0331740873617,1,0.10042578966516032,1.25
2023-01-02 14:35:00+00:00,SHORT,1072.4785636579222,1,0.06370156798858978,1.25
2023-01-02 14:36:00+00:00,SHORT,1073.3725002646866,1,0.00684398567146798,1.25
2023-01-02 14:37:00+00:00,SHORT,1073.7395164931065,1,0.07020532059334203,1.25
2023-01-02 14:38:00+00:00,SHORT,1073.953736903906,1,0.018856926882415807,1.25
2023-01-02 14:41:00+00:00,SHORT,1073.0282341113102,1,0.06465475433126597,1.25
2023-01-02 14:46:00+00:00,SHORT,1072.4477911636695,1,0.012334701074339517,1.25
2023-01-02 14:52:00+00:00,SHORT,1077.9031375309,1,0.00824836219627345,1.25
2023-01-02 14:55:00+00:00,SHORT,1075.5463796394754,1,-0.04673810608706349,1.25
2023-01-02 14:56:00+00:00,SHORT,1077.439227167714,1,-0.02355451798489348,1.25
2023-01-02 14:57:00+00:00,SHORT,1077.2114397353657,1,0.09974428275718696,1.25
2023-01-02 14:58:00+00:00,SHORT,1077.3474234514347,1,-0.06994973282740945,1.25
2023-01-02 14:59:00+00:00,SHORT,1077.8434842136328,1,0.0493377843068112,1.25
2023-01-02 15:00:00+00:00,SHORT,1077.902546597749,1,0.027875067135097416,1.25
2023-01-02 15:01:00+00:00,SHORT,1079.3816568079183,1,-0.011474045721081053,1.25
2023-01-02 15:02:00+00:00,SHORT,1078.8114018329936,1,-0.044196154369461865,1.25
2023-01-02 15:03:00+00:00,SHORT,1078.9909439866774,1,0.032629750073839586,1.25
2023-01-02 15:08:00+00:00,SHORT,1076.3127616703252,1,-0.0031887243092077835,1.25
2023-01-02 16:24:00+00:00,SHORT,1066.5696396853073,1,-0.01712139524970141,1.25
2023-01-02 16:25:00+00:00,SHORT,1065.9745531573526,1,0.04014168322659674,1.25
2023-01-02 16:26:00+00:00,SHORT,1067.0440804437021,1,-0.158786847109331,1.25
2023-01-02 16:27:00+00:00,SHORT,1066.9839037169397,1,-0.00550463857942295,1.25
2023-01-02 16:28:00+00:00,SHORT,1067.2291153284616,1,0.00674792170667356,1.25
2023-01-02 16:29:00+00:00,SHORT,1067.4576671657624,1,0.0004790715081775349,1.25
2023-01-02 16:30:00+00:00,SHORT,1067.2545335359896,1,-0.0889236947304185,1.25
2023-01-02 16:31:00+00:00,SHORT,1068.018680929458,1,0.017329612502183265,1.25
2023-01-02 16:32:00+00:00,SHORT,1068.676401447199,1,-0.03780394998179365,1.25
2023-01-02 16:34:00+00:00,SHORT,1068.292871087556,1,0.04163056840056183,1.25
2023-01-02 16:36:00+00:00,SHORT,1067.7833834390472,1,-0.012859605883686199,1.25
2023-01-02 16:37:00+00:00,SHORT,1068.6922957199956,1,0.06685443439557795,1.25
2023-01-02 16:39:00+00:00,SHORT,1067.4305991137599,1,0.045288559273441366,1.25
2023-01-02 16:46:00+00:00,SHORT,1068.5797738539093,1,0.00244236199306022,1.25
2023-01-02 16:47:00+00:00,SHORT,1068.3616982283781,1,0.041676336154372155,1.25
2023-01-02 17:08:00+00:00,SHORT,1067.5868910393588,1,0.04182312609208686,1.25
2023-01-02 17:09:00+00:00,SHORT,1067.292340837239,1,-0.08403253648290732,1.25
2023-01-02 17:10:00+00:00,SHORT,1067.9356869427543,1,0.03598250498894277,1.25
2023-01-02 17:11:00+00:00,SHORT,1067.672842113477,1,0.013657607831246915,1.25
2023-01-02 17:13:00+00:00,SHORT,1068.9871199030176,1,0.017946400328320712,1.25
2023-01-02 17:14:00+00:00,SHORT,1068.8193937800422,1,0.09391123338091023,1.25
2023-01-02 17:15:00+00:00,SHORT,1069.2829805192773,1,0.013249529962567123,1.25
2023-01-02 17:22:00+00:00,SHORT,1070.0165257261683,1,0.009847153233442957,1.25
2023-01-02 17:23:00+00:00,SHORT,1070.3985665210216,1,0.05662569888336978,1.25
2023-01-02 17:25:00+00:00,SHORT,1068.4243517022126,1,-0.025633300406397188,1.25
2023-01-02 17:26:00+00:00,SHORT,1067.7410295413397,1,-0.035801573108570676,1.25
2023-01-02 17:46:00+00:00,SHORT,1066.1694201531632,1,0.03914470190703349,1.25
2023-01-02 17:47:00+00:00,SHORT,1066.606712457536,1,-0.0008538093420860203,1.25
2023-01-02 17:48:00+00:00,SHORT,1067.4994092182062,1,0.035045879302926686,1.25
2023-01-02 17:49:00+00:00,SHORT,1067.560651514591,1,0.05748717658769036,1.25
2023-01-02 17:50:00+00:00,SHORT,1067.8274491012785,1,0.05382628721563192,1.25
2023-01-02 17:51:00+00:00,SHORT,1067.536689718978,1,0.010050742956840468,1.25
2023-01-02 17:52:00+00:00,SHORT,1067.7733837469068,1,-0.003225930856939065,1.25
2023-01-02 17:53:00+00:00,SHORT,1067.475880899326,1,-0.007606871630399634,1.25
2023-01-02 17:54:00+00:00,SHORT,1067.9576536021339,1,0.056780349477650455,1.25
2023-01-02 17:55:00+00:00,SHORT,1067.606812330808,1,-0.09186896621601233,1.25
2023-01-02 17:56:00+00:00,SHORT,1068.0084463293229,1,-0.012387233385276192,1.25
2023-01-02 17:57:00+00:00,SHORT,1067.9698454446914,1,-0.025985774941818397,1.25
2023-01-02 17:58:00+00:00,SHORT,1068.942086287512,1,-0.016271987416882384,1.25
2023-01-02 17:59:00+00:00,SHORT,1068.905870983145,1,-0.00853799496308563,1.25
2023-01-02 18:02:00+00:00,SHORT,1067.6791225212446,1,-0.024385501407131464,1.25
2023-01-02 18:09:00+00:00,SHORT,1069.6767723092944,1,-0.0841561766039487,1.25
2023-01-02 18:10:00+00:00,SHORT,1069.6469939775916,1,-0.0669567741788931,1.25
2023-01-02 18:11:00+00:00,SHORT,1069.8515567548377,1,0.10679085333237048,1.25
2023-01-02 18:12:00+00:00,SHORT,1070.358376503168,1,0.046127533284737614,1.25
2023-01-02 18:13:00+00:00,SHORT,1070.9462571371066,1,-0.010902855391003819,1.25
2023-01-02 18:14:00+00:00,SHORT,1071.3711013124075,1,0.062187352730091086,1.25
2023-01-02 18:15:00+00:00,SHORT,1071.4912771533654,1,0.018798042309571703,1.25
2023-01-02 18:17:00+00:00,SHORT,1071.1527037145845,1,0.05858038535588907,1.25
2023-01-02 18:18:00+00:00,SHORT,1071.0174706141809,1,-0.02679614790033836,1.25
2023-01-02 18:20:00+00:00,SHORT,1072.4699651761898,1,-0.05535944777750146,1.25
2023-01-02 18:24:00+00:00,SHORT,1070.699203743837,1,-0.018544033384613558,1.25
2023-01-02 18:39:00+00:00,SHORT,1072.1666319100257,1,0.00795858660148368,1.25
2023-01-02 18:41:00+00:00,SHORT,1073.490670910011,1,-0.01827782784009472,1.25
2023-01-02 18:43:00+00:00,SHORT,1075.1046120574176,1,0.03491752339010543,1.25
2023-01-02 18:46:00+00:00,SHORT,1076.2796658447478,1,0.06045568292502349,1.25
2023-01-02 18:48:00+00:00,SHORT,1075.4335338447029,1,-0.007193593020934395,1.25
